run,package,interval,language,exec_time,num_clients,cpu_percentage,memory_usage
2024-11-27 19:39:47.657,run_5_repetition_12,,,cpp,180,3,0.0,21889024
2024-11-27 19:39:47.885,run_5_repetition_12,,,cpp,180,3,0.0,21889024
2024-11-27 19:39:48.107,run_5_repetition_12,,,cpp,180,3,0.0,21889024
2024-11-27 19:39:48.329,run_5_repetition_12,,,cpp,180,3,0.0,21889024
2024-11-27 19:39:48.550,run_5_repetition_12,,,cpp,180,3,0.0,21889024
2024-11-27 19:39:48.773,run_5_repetition_12,,,cpp,180,3,0.0,21889024
2024-11-27 19:39:48.997,run_5_repetition_12,,,cpp,180,3,0.0,21889024
2024-11-27 19:39:49.220,run_5_repetition_12,,,cpp,180,3,0.0,21889024
2024-11-27 19:39:49.442,run_5_repetition_12,,,cpp,180,3,0.0,21889024
2024-11-27 19:39:49.665,run_5_repetition_12,,,cpp,180,3,0.0,21889024
2024-11-27 19:39:49.891,run_5_repetition_12,,,cpp,180,3,0.0,21889024
2024-11-27 19:39:50.117,run_5_repetition_12,,,cpp,180,3,0.0,21889024
2024-11-27 19:39:50.341,run_5_repetition_12,,,cpp,180,3,0.0,21889024
2024-11-27 19:39:50.564,run_5_repetition_12,,,cpp,180,3,0.0,21889024
2024-11-27 19:39:50.786,run_5_repetition_12,,,cpp,180,3,0.0,21889024
2024-11-27 19:39:51.007,run_5_repetition_12,,,cpp,180,3,0.0,21889024
2024-11-27 19:39:51.229,run_5_repetition_12,,,cpp,180,3,0.0,21889024
2024-11-27 19:39:51.450,run_5_repetition_12,,,cpp,180,3,0.0,21889024
2024-11-27 19:39:51.671,run_5_repetition_12,,,cpp,180,3,0.0,21889024
2024-11-27 19:39:51.893,run_5_repetition_12,,,cpp,180,3,0.0,21889024
2024-11-27 19:39:52.114,run_5_repetition_12,,,cpp,180,3,0.0,21889024
2024-11-27 19:39:52.336,run_5_repetition_12,,,cpp,180,3,0.0,21889024
2024-11-27 19:39:52.557,run_5_repetition_12,,,cpp,180,3,0.0,21889024
2024-11-27 19:39:52.780,run_5_repetition_12,,,cpp,180,3,0.0,21889024
2024-11-27 19:39:53.001,run_5_repetition_12,,,cpp,180,3,0.0,21889024
2024-11-27 19:39:53.224,run_5_repetition_12,,,cpp,180,3,0.0,21889024
2024-11-27 19:39:53.446,run_5_repetition_12,,,cpp,180,3,0.0,21889024
2024-11-27 19:39:53.667,run_5_repetition_12,,,cpp,180,3,0.0,21889024
2024-11-27 19:39:53.889,run_5_repetition_12,,,cpp,180,3,0.0,21889024
2024-11-27 19:39:54.111,run_5_repetition_12,,,cpp,180,3,0.0,21889024
2024-11-27 19:39:54.333,run_5_repetition_12,,,cpp,180,3,0.0,21889024
2024-11-27 19:39:54.553,run_5_repetition_12,,,cpp,180,3,0.0,21889024
2024-11-27 19:39:54.775,run_5_repetition_12,,,cpp,180,3,0.0,21889024
2024-11-27 19:39:54.999,run_5_repetition_12,,,cpp,180,3,20.0,21889024
2024-11-27 19:39:55.221,run_5_repetition_12,,,cpp,180,3,0.0,21889024
2024-11-27 19:39:55.446,run_5_repetition_12,,,cpp,180,3,0.0,21889024
2024-11-27 19:39:55.667,run_5_repetition_12,,,cpp,180,3,0.0,21889024
2024-11-27 19:39:55.889,run_5_repetition_12,,,cpp,180,3,0.0,21889024
2024-11-27 19:39:56.118,run_5_repetition_12,,,cpp,180,3,0.0,21889024
2024-11-27 19:39:56.339,run_5_repetition_12,,,cpp,180,3,0.0,21889024
2024-11-27 19:39:56.561,run_5_repetition_12,,,cpp,180,3,0.0,21889024
2024-11-27 19:39:56.783,run_5_repetition_12,,,cpp,180,3,0.0,21889024
2024-11-27 19:39:57.004,run_5_repetition_12,,,cpp,180,3,0.0,21889024
2024-11-27 19:39:57.227,run_5_repetition_12,,,cpp,180,3,0.0,21889024
2024-11-27 19:39:57.450,run_5_repetition_12,,,cpp,180,3,0.0,21889024
2024-11-27 19:39:57.673,run_5_repetition_12,,,cpp,180,3,0.0,21889024
2024-11-27 19:39:57.895,run_5_repetition_12,,,cpp,180,3,0.0,21889024
2024-11-27 19:39:58.117,run_5_repetition_12,,,cpp,180,3,0.0,21889024
2024-11-27 19:39:58.341,run_5_repetition_12,,,cpp,180,3,0.0,21889024
2024-11-27 19:39:58.573,run_5_repetition_12,,,cpp,180,3,0.0,21889024
2024-11-27 19:39:58.794,run_5_repetition_12,,,cpp,180,3,0.0,21889024
2024-11-27 19:39:59.018,run_5_repetition_12,,,cpp,180,3,0.0,21889024
2024-11-27 19:39:59.243,run_5_repetition_12,,,cpp,180,3,0.0,21889024
2024-11-27 19:39:59.473,run_5_repetition_12,,,cpp,180,3,0.0,21889024
2024-11-27 19:39:59.694,run_5_repetition_12,,,cpp,180,3,0.0,21889024
2024-11-27 19:39:59.915,run_5_repetition_12,,,cpp,180,3,0.0,21889024
2024-11-27 19:40:00.131,run_5_repetition_12,,,cpp,180,3,10.0,21889024
2024-11-27 19:40:00.349,run_5_repetition_12,,,cpp,180,3,0.0,21889024
2024-11-27 19:40:00.565,run_5_repetition_12,,,cpp,180,3,0.0,21889024
2024-11-27 19:40:00.781,run_5_repetition_12,,,cpp,180,3,0.0,21889024
2024-11-27 19:40:00.998,run_5_repetition_12,,,cpp,180,3,0.0,21889024
2024-11-27 19:40:01.216,run_5_repetition_12,,,cpp,180,3,0.0,21889024
2024-11-27 19:40:01.439,run_5_repetition_12,,,cpp,180,3,0.0,21889024
2024-11-27 19:40:01.653,run_5_repetition_12,,,cpp,180,3,0.0,21889024
2024-11-27 19:40:01.868,run_5_repetition_12,,,cpp,180,3,0.0,21889024
2024-11-27 19:40:02.084,run_5_repetition_12,,,cpp,180,3,0.0,21889024
2024-11-27 19:40:02.299,run_5_repetition_12,,,cpp,180,3,0.0,21889024
2024-11-27 19:40:02.520,run_5_repetition_12,,,cpp,180,3,0.0,21889024
2024-11-27 19:40:02.744,run_5_repetition_12,,,cpp,180,3,0.0,21889024
2024-11-27 19:40:02.962,run_5_repetition_12,,,cpp,180,3,0.0,21889024
2024-11-27 19:40:03.184,run_5_repetition_12,,,cpp,180,3,0.0,21889024
2024-11-27 19:40:03.396,run_5_repetition_12,,,cpp,180,3,0.0,21889024
2024-11-27 19:40:03.610,run_5_repetition_12,,,cpp,180,3,0.0,21889024
2024-11-27 19:40:03.825,run_5_repetition_12,,,cpp,180,3,0.0,21889024
2024-11-27 19:40:04.044,run_5_repetition_12,,,cpp,180,3,0.0,21889024
2024-11-27 19:40:04.267,run_5_repetition_12,,,cpp,180,3,0.0,21889024
2024-11-27 19:40:04.490,run_5_repetition_12,,,cpp,180,3,0.0,21889024
2024-11-27 19:40:04.703,run_5_repetition_12,,,cpp,180,3,0.0,21889024
2024-11-27 19:40:04.925,run_5_repetition_12,,,cpp,180,3,0.0,21889024
2024-11-27 19:40:05.140,run_5_repetition_12,,,cpp,180,3,0.0,21889024
2024-11-27 19:40:05.356,run_5_repetition_12,,,cpp,180,3,0.0,21889024
2024-11-27 19:40:05.571,run_5_repetition_12,,,cpp,180,3,0.0,21889024
2024-11-27 19:40:05.792,run_5_repetition_12,,,cpp,180,3,0.0,21889024
2024-11-27 19:40:06.020,run_5_repetition_12,,,cpp,180,3,0.0,21889024
2024-11-27 19:40:06.242,run_5_repetition_12,,,cpp,180,3,0.0,21889024
2024-11-27 19:40:06.465,run_5_repetition_12,,,cpp,180,3,0.0,21889024
2024-11-27 19:40:06.688,run_5_repetition_12,,,cpp,180,3,0.0,21889024
2024-11-27 19:40:06.913,run_5_repetition_12,,,cpp,180,3,0.0,21889024
2024-11-27 19:40:07.137,run_5_repetition_12,,,cpp,180,3,0.0,21889024
2024-11-27 19:40:07.351,run_5_repetition_12,,,cpp,180,3,0.0,21889024
2024-11-27 19:40:07.562,run_5_repetition_12,,,cpp,180,3,0.0,21889024
2024-11-27 19:40:07.773,run_5_repetition_12,,,cpp,180,3,0.0,21889024
2024-11-27 19:40:07.985,run_5_repetition_12,,,cpp,180,3,0.0,21889024
2024-11-27 19:40:08.195,run_5_repetition_12,,,cpp,180,3,0.0,21889024
2024-11-27 19:40:08.405,run_5_repetition_12,,,cpp,180,3,0.0,21889024
2024-11-27 19:40:08.615,run_5_repetition_12,,,cpp,180,3,0.0,21889024
2024-11-27 19:40:08.825,run_5_repetition_12,,,cpp,180,3,0.0,21889024
2024-11-27 19:40:09.036,run_5_repetition_12,,,cpp,180,3,0.0,21889024
2024-11-27 19:40:09.251,run_5_repetition_12,,,cpp,180,3,0.0,21889024
2024-11-27 19:40:09.461,run_5_repetition_12,,,cpp,180,3,0.0,21889024
2024-11-27 19:40:09.672,run_5_repetition_12,,,cpp,180,3,0.0,21889024
2024-11-27 19:40:09.882,run_5_repetition_12,,,cpp,180,3,0.0,21889024
2024-11-27 19:40:10.092,run_5_repetition_12,,,cpp,180,3,0.0,21889024
2024-11-27 19:40:10.303,run_5_repetition_12,,,cpp,180,3,0.0,21889024
2024-11-27 19:40:10.534,run_5_repetition_12,,,cpp,180,3,0.0,21889024
2024-11-27 19:40:10.750,run_5_repetition_12,,,cpp,180,3,0.0,21889024
2024-11-27 19:40:10.966,run_5_repetition_12,,,cpp,180,3,0.0,21889024
2024-11-27 19:40:11.184,run_5_repetition_12,,,cpp,180,3,0.0,21889024
2024-11-27 19:40:11.401,run_5_repetition_12,,,cpp,180,3,0.0,21889024
2024-11-27 19:40:11.617,run_5_repetition_12,,,cpp,180,3,0.0,21889024
2024-11-27 19:40:11.833,run_5_repetition_12,,,cpp,180,3,0.0,21889024
2024-11-27 19:40:12.051,run_5_repetition_12,,,cpp,180,3,0.0,21889024
2024-11-27 19:40:12.268,run_5_repetition_12,,,cpp,180,3,0.0,21889024
2024-11-27 19:40:12.490,run_5_repetition_12,,,cpp,180,3,0.0,21889024
2024-11-27 19:40:12.708,run_5_repetition_12,,,cpp,180,3,0.0,21889024
2024-11-27 19:40:12.926,run_5_repetition_12,,,cpp,180,3,0.0,21889024
2024-11-27 19:40:13.150,run_5_repetition_12,,,cpp,180,3,0.0,21889024
2024-11-27 19:40:13.369,run_5_repetition_12,,,cpp,180,3,0.0,21889024
2024-11-27 19:40:13.590,run_5_repetition_12,,,cpp,180,3,0.0,21889024
2024-11-27 19:40:13.810,run_5_repetition_12,,,cpp,180,3,0.0,21889024
2024-11-27 19:40:14.035,run_5_repetition_12,,,cpp,180,3,0.0,21889024
2024-11-27 19:40:14.257,run_5_repetition_12,,,cpp,180,3,0.0,21889024
2024-11-27 19:40:14.480,run_5_repetition_12,,,cpp,180,3,0.0,21889024
2024-11-27 19:40:14.703,run_5_repetition_12,,,cpp,180,3,10.0,21889024
2024-11-27 19:40:14.927,run_5_repetition_12,,,cpp,180,3,0.0,21889024
2024-11-27 19:40:15.159,run_5_repetition_12,,,cpp,180,3,0.0,21889024
2024-11-27 19:40:15.385,run_5_repetition_12,,,cpp,180,3,0.0,21889024
2024-11-27 19:40:15.606,run_5_repetition_12,,,cpp,180,3,0.0,21889024
2024-11-27 19:40:15.828,run_5_repetition_12,,,cpp,180,3,0.0,21889024
2024-11-27 19:40:16.049,run_5_repetition_12,,,cpp,180,3,0.0,21889024
2024-11-27 19:40:16.272,run_5_repetition_12,,,cpp,180,3,0.0,21889024
2024-11-27 19:40:16.493,run_5_repetition_12,,,cpp,180,3,0.0,21889024
2024-11-27 19:40:16.716,run_5_repetition_12,,,cpp,180,3,0.0,21889024
2024-11-27 19:40:16.937,run_5_repetition_12,,,cpp,180,3,0.0,21889024
2024-11-27 19:40:17.159,run_5_repetition_12,,,cpp,180,3,0.0,21889024
2024-11-27 19:40:17.381,run_5_repetition_12,,,cpp,180,3,0.0,21889024
2024-11-27 19:40:17.602,run_5_repetition_12,,,cpp,180,3,0.0,21889024
2024-11-27 19:40:17.824,run_5_repetition_12,,,cpp,180,3,0.0,21889024
2024-11-27 19:40:18.045,run_5_repetition_12,,,cpp,180,3,0.0,21889024
2024-11-27 19:40:18.265,run_5_repetition_12,,,cpp,180,3,0.0,21889024
2024-11-27 19:40:18.488,run_5_repetition_12,,,cpp,180,3,0.0,21889024
2024-11-27 19:40:18.709,run_5_repetition_12,,,cpp,180,3,0.0,21889024
2024-11-27 19:40:18.930,run_5_repetition_12,,,cpp,180,3,0.0,21889024
2024-11-27 19:40:19.153,run_5_repetition_12,,,cpp,180,3,0.0,21889024
2024-11-27 19:40:19.375,run_5_repetition_12,,,cpp,180,3,0.0,21889024
2024-11-27 19:40:19.597,run_5_repetition_12,,,cpp,180,3,0.0,21889024
2024-11-27 19:40:19.818,run_5_repetition_12,,,cpp,180,3,0.0,21889024
2024-11-27 19:40:20.039,run_5_repetition_12,,,cpp,180,3,0.0,21889024
2024-11-27 19:40:20.261,run_5_repetition_12,,,cpp,180,3,0.0,21889024
2024-11-27 19:40:20.483,run_5_repetition_12,,,cpp,180,3,0.0,21889024
2024-11-27 19:40:20.704,run_5_repetition_12,,,cpp,180,3,0.0,21889024
2024-11-27 19:40:20.926,run_5_repetition_12,,,cpp,180,3,0.0,21889024
2024-11-27 19:40:21.157,run_5_repetition_12,,,cpp,180,3,0.0,21889024
2024-11-27 19:40:21.383,run_5_repetition_12,,,cpp,180,3,0.0,21889024
2024-11-27 19:40:21.603,run_5_repetition_12,,,cpp,180,3,0.0,21889024
2024-11-27 19:40:21.825,run_5_repetition_12,,,cpp,180,3,0.0,21889024
2024-11-27 19:40:22.047,run_5_repetition_12,,,cpp,180,3,0.0,21889024
2024-11-27 19:40:22.268,run_5_repetition_12,,,cpp,180,3,0.0,21889024
2024-11-27 19:40:22.490,run_5_repetition_12,,,cpp,180,3,0.0,21889024
2024-11-27 19:40:22.711,run_5_repetition_12,,,cpp,180,3,0.0,21889024
2024-11-27 19:40:22.932,run_5_repetition_12,,,cpp,180,3,0.0,21889024
2024-11-27 19:40:23.154,run_5_repetition_12,,,cpp,180,3,0.0,21889024
2024-11-27 19:40:23.377,run_5_repetition_12,,,cpp,180,3,0.0,21889024
2024-11-27 19:40:23.597,run_5_repetition_12,,,cpp,180,3,20.0,21889024
2024-11-27 19:40:23.818,run_5_repetition_12,,,cpp,180,3,0.0,21889024
2024-11-27 19:40:24.039,run_5_repetition_12,,,cpp,180,3,0.0,21889024
2024-11-27 19:40:24.261,run_5_repetition_12,,,cpp,180,3,0.0,21889024
2024-11-27 19:40:24.491,run_5_repetition_12,,,cpp,180,3,0.0,21889024
2024-11-27 19:40:24.723,run_5_repetition_12,,,cpp,180,3,0.0,21889024
2024-11-27 19:40:24.955,run_5_repetition_12,,,cpp,180,3,0.0,21889024
2024-11-27 19:40:25.178,run_5_repetition_12,,,cpp,180,3,0.0,21889024
2024-11-27 19:40:25.399,run_5_repetition_12,,,cpp,180,3,0.0,21889024
2024-11-27 19:40:25.621,run_5_repetition_12,,,cpp,180,3,0.0,21889024
2024-11-27 19:40:25.842,run_5_repetition_12,,,cpp,180,3,0.0,21889024
2024-11-27 19:40:26.064,run_5_repetition_12,,,cpp,180,3,0.0,21889024
2024-11-27 19:40:26.287,run_5_repetition_12,,,cpp,180,3,0.0,21889024
2024-11-27 19:40:26.509,run_5_repetition_12,,,cpp,180,3,0.0,21889024
2024-11-27 19:40:26.730,run_5_repetition_12,,,cpp,180,3,0.0,21889024
2024-11-27 19:40:26.951,run_5_repetition_12,,,cpp,180,3,0.0,21889024
2024-11-27 19:40:27.173,run_5_repetition_12,,,cpp,180,3,10.0,21889024
2024-11-27 19:40:27.394,run_5_repetition_12,,,cpp,180,3,0.0,21889024
2024-11-27 19:40:27.615,run_5_repetition_12,,,cpp,180,3,0.0,21889024
2024-11-27 19:40:27.836,run_5_repetition_12,,,cpp,180,3,0.0,21889024
2024-11-27 19:40:28.058,run_5_repetition_12,,,cpp,180,3,0.0,21889024
2024-11-27 19:40:28.280,run_5_repetition_12,,,cpp,180,3,0.0,21889024
2024-11-27 19:40:28.502,run_5_repetition_12,,,cpp,180,3,0.0,21889024
2024-11-27 19:40:28.724,run_5_repetition_12,,,cpp,180,3,0.0,21889024
2024-11-27 19:40:28.944,run_5_repetition_12,,,cpp,180,3,0.0,21889024
2024-11-27 19:40:29.166,run_5_repetition_12,,,cpp,180,3,0.0,21889024
2024-11-27 19:40:29.398,run_5_repetition_12,,,cpp,180,3,0.0,21889024
2024-11-27 19:40:29.627,run_5_repetition_12,,,cpp,180,3,0.0,21889024
2024-11-27 19:40:29.849,run_5_repetition_12,,,cpp,180,3,0.0,21889024
2024-11-27 19:40:30.071,run_5_repetition_12,,,cpp,180,3,0.0,21889024
2024-11-27 19:40:30.292,run_5_repetition_12,,,cpp,180,3,0.0,21889024
2024-11-27 19:40:30.512,run_5_repetition_12,,,cpp,180,3,0.0,21889024
2024-11-27 19:40:30.734,run_5_repetition_12,,,cpp,180,3,0.0,21889024
2024-11-27 19:40:30.955,run_5_repetition_12,,,cpp,180,3,0.0,21889024
2024-11-27 19:40:31.178,run_5_repetition_12,,,cpp,180,3,0.0,21889024
2024-11-27 19:40:31.399,run_5_repetition_12,,,cpp,180,3,0.0,21889024
2024-11-27 19:40:31.621,run_5_repetition_12,,,cpp,180,3,9.9,21889024
2024-11-27 19:40:31.842,run_5_repetition_12,,,cpp,180,3,0.0,21889024
2024-11-27 19:40:32.063,run_5_repetition_12,,,cpp,180,3,0.0,21889024
2024-11-27 19:40:32.286,run_5_repetition_12,,,cpp,180,3,0.0,21889024
2024-11-27 19:40:32.506,run_5_repetition_12,,,cpp,180,3,0.0,21889024
2024-11-27 19:40:32.728,run_5_repetition_12,,,cpp,180,3,0.0,21889024
2024-11-27 19:40:32.949,run_5_repetition_12,,,cpp,180,3,0.0,21889024
2024-11-27 19:40:33.173,run_5_repetition_12,,,cpp,180,3,0.0,21889024
2024-11-27 19:40:33.394,run_5_repetition_12,,,cpp,180,3,0.0,21889024
2024-11-27 19:40:33.615,run_5_repetition_12,,,cpp,180,3,0.0,21889024
2024-11-27 19:40:33.836,run_5_repetition_12,,,cpp,180,3,0.0,21889024
2024-11-27 19:40:34.057,run_5_repetition_12,,,cpp,180,3,0.0,21889024
2024-11-27 19:40:34.280,run_5_repetition_12,,,cpp,180,3,10.0,21889024
2024-11-27 19:40:34.501,run_5_repetition_12,,,cpp,180,3,0.0,21889024
2024-11-27 19:40:34.723,run_5_repetition_12,,,cpp,180,3,0.0,21889024
2024-11-27 19:40:34.944,run_5_repetition_12,,,cpp,180,3,0.0,21889024
2024-11-27 19:40:35.166,run_5_repetition_12,,,cpp,180,3,0.0,21889024
2024-11-27 19:40:35.400,run_5_repetition_12,,,cpp,180,3,0.0,21889024
2024-11-27 19:40:35.632,run_5_repetition_12,,,cpp,180,3,0.0,21889024
2024-11-27 19:40:35.863,run_5_repetition_12,,,cpp,180,3,0.0,21889024
2024-11-27 19:40:36.089,run_5_repetition_12,,,cpp,180,3,0.0,21889024
2024-11-27 19:40:36.318,run_5_repetition_12,,,cpp,180,3,0.0,21889024
2024-11-27 19:40:36.539,run_5_repetition_12,,,cpp,180,3,0.0,21889024
2024-11-27 19:40:36.761,run_5_repetition_12,,,cpp,180,3,0.0,21889024
2024-11-27 19:40:36.983,run_5_repetition_12,,,cpp,180,3,0.0,21889024
2024-11-27 19:40:37.205,run_5_repetition_12,,,cpp,180,3,0.0,21889024
2024-11-27 19:40:37.425,run_5_repetition_12,,,cpp,180,3,0.0,21889024
2024-11-27 19:40:37.647,run_5_repetition_12,,,cpp,180,3,0.0,21889024
2024-11-27 19:40:37.868,run_5_repetition_12,,,cpp,180,3,0.0,21889024
2024-11-27 19:40:38.101,run_5_repetition_12,,,cpp,180,3,10.0,21889024
2024-11-27 19:40:38.333,run_5_repetition_12,,,cpp,180,3,0.0,21889024
2024-11-27 19:40:38.554,run_5_repetition_12,,,cpp,180,3,0.0,21889024
2024-11-27 19:40:38.781,run_5_repetition_12,,,cpp,180,3,0.0,21889024
2024-11-27 19:40:39.002,run_5_repetition_12,,,cpp,180,3,0.0,21889024
2024-11-27 19:40:39.225,run_5_repetition_12,,,cpp,180,3,0.0,21889024
2024-11-27 19:40:39.445,run_5_repetition_12,,,cpp,180,3,0.0,21889024
2024-11-27 19:40:39.666,run_5_repetition_12,,,cpp,180,3,0.0,21889024
2024-11-27 19:40:39.889,run_5_repetition_12,,,cpp,180,3,0.0,21889024
2024-11-27 19:40:40.111,run_5_repetition_12,,,cpp,180,3,0.0,21889024
2024-11-27 19:40:40.332,run_5_repetition_12,,,cpp,180,3,0.0,21889024
2024-11-27 19:40:40.555,run_5_repetition_12,,,cpp,180,3,0.0,21889024
2024-11-27 19:40:40.782,run_5_repetition_12,,,cpp,180,3,10.0,21889024
2024-11-27 19:40:41.014,run_5_repetition_12,,,cpp,180,3,0.0,21889024
2024-11-27 19:40:41.238,run_5_repetition_12,,,cpp,180,3,0.0,21889024
2024-11-27 19:40:41.459,run_5_repetition_12,,,cpp,180,3,0.0,21889024
2024-11-27 19:40:41.682,run_5_repetition_12,,,cpp,180,3,0.0,21889024
2024-11-27 19:40:41.903,run_5_repetition_12,,,cpp,180,3,0.0,21889024
2024-11-27 19:40:42.126,run_5_repetition_12,,,cpp,180,3,0.0,21889024
2024-11-27 19:40:42.347,run_5_repetition_12,,,cpp,180,3,0.0,21889024
2024-11-27 19:40:42.569,run_5_repetition_12,,,cpp,180,3,0.0,21889024
2024-11-27 19:40:42.792,run_5_repetition_12,,,cpp,180,3,0.0,21889024
2024-11-27 19:40:43.023,run_5_repetition_12,,,cpp,180,3,0.0,21889024
2024-11-27 19:40:43.246,run_5_repetition_12,,,cpp,180,3,0.0,21889024
2024-11-27 19:40:43.468,run_5_repetition_12,,,cpp,180,3,9.9,21889024
2024-11-27 19:40:43.701,run_5_repetition_12,,,cpp,180,3,0.0,21889024
2024-11-27 19:40:43.933,run_5_repetition_12,,,cpp,180,3,0.0,21889024
2024-11-27 19:40:44.158,run_5_repetition_12,,,cpp,180,3,0.0,21889024
2024-11-27 19:40:44.387,run_5_repetition_12,,,cpp,180,3,0.0,21889024
2024-11-27 19:40:44.619,run_5_repetition_12,,,cpp,180,3,0.0,21889024
2024-11-27 19:40:44.851,run_5_repetition_12,,,cpp,180,3,0.0,21889024
2024-11-27 19:40:45.083,run_5_repetition_12,,,cpp,180,3,0.0,21889024
2024-11-27 19:40:45.304,run_5_repetition_12,,,cpp,180,3,0.0,21889024
2024-11-27 19:40:45.525,run_5_repetition_12,,,cpp,180,3,0.0,21889024
2024-11-27 19:40:45.746,run_5_repetition_12,,,cpp,180,3,0.0,21889024
2024-11-27 19:40:45.968,run_5_repetition_12,,,cpp,180,3,0.0,21889024
2024-11-27 19:40:46.190,run_5_repetition_12,,,cpp,180,3,10.0,21889024
2024-11-27 19:40:46.412,run_5_repetition_12,,,cpp,180,3,0.0,21889024
2024-11-27 19:40:46.633,run_5_repetition_12,,,cpp,180,3,0.0,21889024
2024-11-27 19:40:46.855,run_5_repetition_12,,,cpp,180,3,0.0,21889024
2024-11-27 19:40:47.077,run_5_repetition_12,,,cpp,180,3,0.0,21889024
2024-11-27 19:40:47.299,run_5_repetition_12,,,cpp,180,3,0.0,21889024
2024-11-27 19:40:47.519,run_5_repetition_12,,,cpp,180,3,0.0,21889024
2024-11-27 19:40:47.741,run_5_repetition_12,,,cpp,180,3,0.0,21889024
2024-11-27 19:40:47.963,run_5_repetition_12,,,cpp,180,3,0.0,21889024
2024-11-27 19:40:48.184,run_5_repetition_12,,,cpp,180,3,0.0,21889024
2024-11-27 19:40:48.405,run_5_repetition_12,,,cpp,180,3,0.0,21889024
2024-11-27 19:40:48.626,run_5_repetition_12,,,cpp,180,3,9.9,21889024
2024-11-27 19:40:48.848,run_5_repetition_12,,,cpp,180,3,0.0,21889024
2024-11-27 19:40:49.070,run_5_repetition_12,,,cpp,180,3,0.0,21889024
2024-11-27 19:40:49.290,run_5_repetition_12,,,cpp,180,3,0.0,21889024
2024-11-27 19:40:49.511,run_5_repetition_12,,,cpp,180,3,0.0,21889024
2024-11-27 19:40:49.733,run_5_repetition_12,,,cpp,180,3,0.0,21889024
2024-11-27 19:40:49.954,run_5_repetition_12,,,cpp,180,3,0.0,21889024
2024-11-27 19:40:50.176,run_5_repetition_12,,,cpp,180,3,0.0,21889024
2024-11-27 19:40:50.396,run_5_repetition_12,,,cpp,180,3,0.0,21889024
2024-11-27 19:40:50.617,run_5_repetition_12,,,cpp,180,3,0.0,21889024
2024-11-27 19:40:50.838,run_5_repetition_12,,,cpp,180,3,0.0,21889024
2024-11-27 19:40:51.059,run_5_repetition_12,,,cpp,180,3,0.0,21889024
2024-11-27 19:40:51.281,run_5_repetition_12,,,cpp,180,3,0.0,21889024
2024-11-27 19:40:51.503,run_5_repetition_12,,,cpp,180,3,0.0,21889024
2024-11-27 19:40:51.724,run_5_repetition_12,,,cpp,180,3,0.0,21889024
2024-11-27 19:40:51.945,run_5_repetition_12,,,cpp,180,3,0.0,21889024
2024-11-27 19:40:52.165,run_5_repetition_12,,,cpp,180,3,0.0,21889024
2024-11-27 19:40:52.388,run_5_repetition_12,,,cpp,180,3,0.0,21889024
2024-11-27 19:40:52.608,run_5_repetition_12,,,cpp,180,3,0.0,21889024
2024-11-27 19:40:52.831,run_5_repetition_12,,,cpp,180,3,0.0,21889024
2024-11-27 19:40:53.053,run_5_repetition_12,,,cpp,180,3,0.0,21889024
2024-11-27 19:40:53.275,run_5_repetition_12,,,cpp,180,3,0.0,21889024
2024-11-27 19:40:53.495,run_5_repetition_12,,,cpp,180,3,0.0,21889024
2024-11-27 19:40:53.717,run_5_repetition_12,,,cpp,180,3,0.0,21889024
2024-11-27 19:40:53.938,run_5_repetition_12,,,cpp,180,3,0.0,21889024
2024-11-27 19:40:54.159,run_5_repetition_12,,,cpp,180,3,0.0,21889024
2024-11-27 19:40:54.380,run_5_repetition_12,,,cpp,180,3,0.0,21889024
2024-11-27 19:40:54.601,run_5_repetition_12,,,cpp,180,3,0.0,21889024
2024-11-27 19:40:54.823,run_5_repetition_12,,,cpp,180,3,0.0,21889024
2024-11-27 19:40:55.044,run_5_repetition_12,,,cpp,180,3,0.0,21889024
2024-11-27 19:40:55.265,run_5_repetition_12,,,cpp,180,3,0.0,21889024
2024-11-27 19:40:55.487,run_5_repetition_12,,,cpp,180,3,0.0,21889024
2024-11-27 19:40:55.709,run_5_repetition_12,,,cpp,180,3,0.0,21889024
2024-11-27 19:40:55.930,run_5_repetition_12,,,cpp,180,3,0.0,21889024
2024-11-27 19:40:56.152,run_5_repetition_12,,,cpp,180,3,10.0,21889024
2024-11-27 19:40:56.376,run_5_repetition_12,,,cpp,180,3,0.0,21889024
2024-11-27 19:40:56.607,run_5_repetition_12,,,cpp,180,3,0.0,21889024
2024-11-27 19:40:56.838,run_5_repetition_12,,,cpp,180,3,0.0,21889024
2024-11-27 19:40:57.067,run_5_repetition_12,,,cpp,180,3,0.0,21889024
2024-11-27 19:40:57.299,run_5_repetition_12,,,cpp,180,3,0.0,21889024
2024-11-27 19:40:57.531,run_5_repetition_12,,,cpp,180,3,0.0,21889024
2024-11-27 19:40:57.762,run_5_repetition_12,,,cpp,180,3,0.0,21889024
2024-11-27 19:40:57.986,run_5_repetition_12,,,cpp,180,3,0.0,21889024
2024-11-27 19:40:58.207,run_5_repetition_12,,,cpp,180,3,0.0,21889024
2024-11-27 19:40:58.428,run_5_repetition_12,,,cpp,180,3,0.0,21889024
2024-11-27 19:40:58.648,run_5_repetition_12,,,cpp,180,3,0.0,21889024
2024-11-27 19:40:58.870,run_5_repetition_12,,,cpp,180,3,0.0,21889024
2024-11-27 19:40:59.091,run_5_repetition_12,,,cpp,180,3,0.0,21889024
2024-11-27 19:40:59.312,run_5_repetition_12,,,cpp,180,3,0.0,21889024
2024-11-27 19:40:59.533,run_5_repetition_12,,,cpp,180,3,0.0,21889024
2024-11-27 19:40:59.755,run_5_repetition_12,,,cpp,180,3,0.0,21889024
2024-11-27 19:40:59.977,run_5_repetition_12,,,cpp,180,3,0.0,21889024
2024-11-27 19:41:00.198,run_5_repetition_12,,,cpp,180,3,10.0,21889024
2024-11-27 19:41:00.419,run_5_repetition_12,,,cpp,180,3,0.0,21889024
2024-11-27 19:41:00.639,run_5_repetition_12,,,cpp,180,3,0.0,21889024
2024-11-27 19:41:00.861,run_5_repetition_12,,,cpp,180,3,0.0,21889024
2024-11-27 19:41:01.083,run_5_repetition_12,,,cpp,180,3,0.0,21889024
2024-11-27 19:41:01.304,run_5_repetition_12,,,cpp,180,3,0.0,21889024
2024-11-27 19:41:01.528,run_5_repetition_12,,,cpp,180,3,0.0,21889024
2024-11-27 19:41:01.755,run_5_repetition_12,,,cpp,180,3,0.0,21889024
2024-11-27 19:41:01.977,run_5_repetition_12,,,cpp,180,3,0.0,21889024
2024-11-27 19:41:02.202,run_5_repetition_12,,,cpp,180,3,0.0,21889024
2024-11-27 19:41:02.423,run_5_repetition_12,,,cpp,180,3,0.0,21889024
2024-11-27 19:41:02.643,run_5_repetition_12,,,cpp,180,3,0.0,21889024
2024-11-27 19:41:02.865,run_5_repetition_12,,,cpp,180,3,0.0,21889024
2024-11-27 19:41:03.087,run_5_repetition_12,,,cpp,180,3,0.0,21889024
2024-11-27 19:41:03.309,run_5_repetition_12,,,cpp,180,3,0.0,21889024
2024-11-27 19:41:03.531,run_5_repetition_12,,,cpp,180,3,0.0,21889024
2024-11-27 19:41:03.754,run_5_repetition_12,,,cpp,180,3,0.0,21889024
2024-11-27 19:41:03.977,run_5_repetition_12,,,cpp,180,3,0.0,21889024
2024-11-27 19:41:04.198,run_5_repetition_12,,,cpp,180,3,0.0,21889024
2024-11-27 19:41:04.419,run_5_repetition_12,,,cpp,180,3,0.0,21889024
2024-11-27 19:41:04.641,run_5_repetition_12,,,cpp,180,3,0.0,21889024
2024-11-27 19:41:04.864,run_5_repetition_12,,,cpp,180,3,0.0,21889024
2024-11-27 19:41:05.085,run_5_repetition_12,,,cpp,180,3,0.0,21889024
2024-11-27 19:41:05.305,run_5_repetition_12,,,cpp,180,3,0.0,21889024
2024-11-27 19:41:05.527,run_5_repetition_12,,,cpp,180,3,0.0,21889024
2024-11-27 19:41:05.750,run_5_repetition_12,,,cpp,180,3,0.0,21889024
2024-11-27 19:41:05.974,run_5_repetition_12,,,cpp,180,3,0.0,21889024
2024-11-27 19:41:06.195,run_5_repetition_12,,,cpp,180,3,0.0,21889024
2024-11-27 19:41:06.418,run_5_repetition_12,,,cpp,180,3,0.0,21889024
2024-11-27 19:41:06.642,run_5_repetition_12,,,cpp,180,3,0.0,21889024
2024-11-27 19:41:06.864,run_5_repetition_12,,,cpp,180,3,0.0,21889024
2024-11-27 19:41:07.095,run_5_repetition_12,,,cpp,180,3,0.0,21889024
2024-11-27 19:41:07.333,run_5_repetition_12,,,cpp,180,3,0.0,21889024
2024-11-27 19:41:07.553,run_5_repetition_12,,,cpp,180,3,0.0,21889024
2024-11-27 19:41:07.773,run_5_repetition_12,,,cpp,180,3,0.0,21889024
2024-11-27 19:41:07.991,run_5_repetition_12,,,cpp,180,3,0.0,21889024
2024-11-27 19:41:08.212,run_5_repetition_12,,,cpp,180,3,0.0,21889024
2024-11-27 19:41:08.432,run_5_repetition_12,,,cpp,180,3,0.0,21889024
2024-11-27 19:41:08.652,run_5_repetition_12,,,cpp,180,3,0.0,21889024
2024-11-27 19:41:08.875,run_5_repetition_12,,,cpp,180,3,0.0,21889024
2024-11-27 19:41:09.097,run_5_repetition_12,,,cpp,180,3,0.0,21889024
2024-11-27 19:41:09.325,run_5_repetition_12,,,cpp,180,3,0.0,21889024
2024-11-27 19:41:09.552,run_5_repetition_12,,,cpp,180,3,0.0,21889024
2024-11-27 19:41:09.776,run_5_repetition_12,,,cpp,180,3,20.0,21889024
2024-11-27 19:41:09.997,run_5_repetition_12,,,cpp,180,3,0.0,21889024
2024-11-27 19:41:10.215,run_5_repetition_12,,,cpp,180,3,0.0,21889024
2024-11-27 19:41:10.434,run_5_repetition_12,,,cpp,180,3,0.0,21889024
2024-11-27 19:41:10.653,run_5_repetition_12,,,cpp,180,3,0.0,21889024
2024-11-27 19:41:10.877,run_5_repetition_12,,,cpp,180,3,0.0,21889024
2024-11-27 19:41:11.106,run_5_repetition_12,,,cpp,180,3,0.0,21889024
2024-11-27 19:41:11.339,run_5_repetition_12,,,cpp,180,3,0.0,21889024
2024-11-27 19:41:11.568,run_5_repetition_12,,,cpp,180,3,0.0,21889024
2024-11-27 19:41:11.791,run_5_repetition_12,,,cpp,180,3,0.0,21889024
2024-11-27 19:41:12.022,run_5_repetition_12,,,cpp,180,3,0.0,21889024
2024-11-27 19:41:12.250,run_5_repetition_12,,,cpp,180,3,0.0,21889024
2024-11-27 19:41:12.476,run_5_repetition_12,,,cpp,180,3,0.0,21889024
2024-11-27 19:41:12.697,run_5_repetition_12,,,cpp,180,3,0.0,21889024
2024-11-27 19:41:12.923,run_5_repetition_12,,,cpp,180,3,0.0,21889024
2024-11-27 19:41:13.154,run_5_repetition_12,,,cpp,180,3,0.0,21889024
2024-11-27 19:41:13.382,run_5_repetition_12,,,cpp,180,3,0.0,21889024
2024-11-27 19:41:13.607,run_5_repetition_12,,,cpp,180,3,0.0,21889024
2024-11-27 19:41:13.831,run_5_repetition_12,,,cpp,180,3,0.0,21889024
2024-11-27 19:41:14.063,run_5_repetition_12,,,cpp,180,3,0.0,21889024
2024-11-27 19:41:14.284,run_5_repetition_12,,,cpp,180,3,0.0,21889024
2024-11-27 19:41:14.509,run_5_repetition_12,,,cpp,180,3,0.0,21889024
2024-11-27 19:41:14.731,run_5_repetition_12,,,cpp,180,3,0.0,21889024
2024-11-27 19:41:14.952,run_5_repetition_12,,,cpp,180,3,0.0,21889024
2024-11-27 19:41:15.173,run_5_repetition_12,,,cpp,180,3,0.0,21889024
2024-11-27 19:41:15.399,run_5_repetition_12,,,cpp,180,3,0.0,21889024
2024-11-27 19:41:15.619,run_5_repetition_12,,,cpp,180,3,0.0,21889024
2024-11-27 19:41:15.843,run_5_repetition_12,,,cpp,180,3,0.0,21889024
2024-11-27 19:41:16.067,run_5_repetition_12,,,cpp,180,3,0.0,21889024
2024-11-27 19:41:16.296,run_5_repetition_12,,,cpp,180,3,0.0,21889024
2024-11-27 19:41:16.520,run_5_repetition_12,,,cpp,180,3,0.0,21889024
2024-11-27 19:41:16.750,run_5_repetition_12,,,cpp,180,3,0.0,21889024
2024-11-27 19:41:16.974,run_5_repetition_12,,,cpp,180,3,0.0,21889024
2024-11-27 19:41:17.203,run_5_repetition_12,,,cpp,180,3,0.0,21889024
2024-11-27 19:41:17.424,run_5_repetition_12,,,cpp,180,3,0.0,21889024
2024-11-27 19:41:17.651,run_5_repetition_12,,,cpp,180,3,0.0,21889024
2024-11-27 19:41:17.883,run_5_repetition_12,,,cpp,180,3,0.0,21889024
2024-11-27 19:41:18.109,run_5_repetition_12,,,cpp,180,3,0.0,21889024
2024-11-27 19:41:18.326,run_5_repetition_12,,,cpp,180,3,0.0,21889024
2024-11-27 19:41:18.542,run_5_repetition_12,,,cpp,180,3,0.0,21889024
2024-11-27 19:41:18.759,run_5_repetition_12,,,cpp,180,3,10.0,21889024
2024-11-27 19:41:18.978,run_5_repetition_12,,,cpp,180,3,0.0,21889024
2024-11-27 19:41:19.209,run_5_repetition_12,,,cpp,180,3,0.0,21889024
2024-11-27 19:41:19.425,run_5_repetition_12,,,cpp,180,3,0.0,21889024
2024-11-27 19:41:19.643,run_5_repetition_12,,,cpp,180,3,0.0,21889024
2024-11-27 19:41:19.860,run_5_repetition_12,,,cpp,180,3,0.0,21889024
2024-11-27 19:41:20.076,run_5_repetition_12,,,cpp,180,3,0.0,21889024
2024-11-27 19:41:20.289,run_5_repetition_12,,,cpp,180,3,0.0,21889024
2024-11-27 19:41:20.504,run_5_repetition_12,,,cpp,180,3,0.0,21889024
2024-11-27 19:41:20.714,run_5_repetition_12,,,cpp,180,3,0.0,21889024
2024-11-27 19:41:20.926,run_5_repetition_12,,,cpp,180,3,0.0,21889024
2024-11-27 19:41:21.140,run_5_repetition_12,,,cpp,180,3,10.0,21889024
2024-11-27 19:41:21.355,run_5_repetition_12,,,cpp,180,3,0.0,21889024
2024-11-27 19:41:21.571,run_5_repetition_12,,,cpp,180,3,0.0,21889024
2024-11-27 19:41:21.787,run_5_repetition_12,,,cpp,180,3,0.0,21889024
2024-11-27 19:41:22.003,run_5_repetition_12,,,cpp,180,3,0.0,21889024
2024-11-27 19:41:22.216,run_5_repetition_12,,,cpp,180,3,0.0,21889024
2024-11-27 19:41:22.433,run_5_repetition_12,,,cpp,180,3,0.0,21889024
2024-11-27 19:41:22.651,run_5_repetition_12,,,cpp,180,3,0.0,21889024
2024-11-27 19:41:22.870,run_5_repetition_12,,,cpp,180,3,0.0,21889024
2024-11-27 19:41:23.088,run_5_repetition_12,,,cpp,180,3,0.0,21889024
2024-11-27 19:41:23.306,run_5_repetition_12,,,cpp,180,3,0.0,21889024
2024-11-27 19:41:23.525,run_5_repetition_12,,,cpp,180,3,0.0,21889024
2024-11-27 19:41:23.748,run_5_repetition_12,,,cpp,180,3,0.0,21889024
2024-11-27 19:41:23.970,run_5_repetition_12,,,cpp,180,3,0.0,21889024
2024-11-27 19:41:24.192,run_5_repetition_12,,,cpp,180,3,0.0,21889024
2024-11-27 19:41:24.415,run_5_repetition_12,,,cpp,180,3,0.0,21889024
2024-11-27 19:41:24.638,run_5_repetition_12,,,cpp,180,3,0.0,21889024
2024-11-27 19:41:24.860,run_5_repetition_12,,,cpp,180,3,0.0,21889024
2024-11-27 19:41:25.095,run_5_repetition_12,,,cpp,180,3,0.0,21889024
2024-11-27 19:41:25.322,run_5_repetition_12,,,cpp,180,3,0.0,21889024
2024-11-27 19:41:25.546,run_5_repetition_12,,,cpp,180,3,0.0,21889024
2024-11-27 19:41:25.782,run_5_repetition_12,,,cpp,180,3,20.0,21889024
2024-11-27 19:41:26.007,run_5_repetition_12,,,cpp,180,3,0.0,21889024
2024-11-27 19:41:26.235,run_5_repetition_12,,,cpp,180,3,0.0,21889024
2024-11-27 19:41:26.458,run_5_repetition_12,,,cpp,180,3,0.0,21889024
2024-11-27 19:41:26.683,run_5_repetition_12,,,cpp,180,3,0.0,21889024
2024-11-27 19:41:26.907,run_5_repetition_12,,,cpp,180,3,0.0,21889024
2024-11-27 19:41:27.131,run_5_repetition_12,,,cpp,180,3,0.0,21889024
2024-11-27 19:41:27.352,run_5_repetition_12,,,cpp,180,3,0.0,21889024
2024-11-27 19:41:27.575,run_5_repetition_12,,,cpp,180,3,0.0,21889024
2024-11-27 19:41:27.800,run_5_repetition_12,,,cpp,180,3,0.0,21889024
2024-11-27 19:41:28.024,run_5_repetition_12,,,cpp,180,3,0.0,21889024
2024-11-27 19:41:28.246,run_5_repetition_12,,,cpp,180,3,0.0,21889024
2024-11-27 19:41:28.470,run_5_repetition_12,,,cpp,180,3,0.0,21889024
2024-11-27 19:41:28.693,run_5_repetition_12,,,cpp,180,3,0.0,21889024
2024-11-27 19:41:28.916,run_5_repetition_12,,,cpp,180,3,0.0,21889024
2024-11-27 19:41:29.138,run_5_repetition_12,,,cpp,180,3,0.0,21889024
2024-11-27 19:41:29.360,run_5_repetition_12,,,cpp,180,3,0.0,21889024
2024-11-27 19:41:29.583,run_5_repetition_12,,,cpp,180,3,0.0,21889024
2024-11-27 19:41:29.807,run_5_repetition_12,,,cpp,180,3,0.0,21889024
2024-11-27 19:41:30.030,run_5_repetition_12,,,cpp,180,3,0.0,21889024
2024-11-27 19:41:30.252,run_5_repetition_12,,,cpp,180,3,0.0,21889024
2024-11-27 19:41:30.474,run_5_repetition_12,,,cpp,180,3,0.0,21889024
2024-11-27 19:41:30.697,run_5_repetition_12,,,cpp,180,3,0.0,21889024
2024-11-27 19:41:30.919,run_5_repetition_12,,,cpp,180,3,0.0,21889024
2024-11-27 19:41:31.141,run_5_repetition_12,,,cpp,180,3,0.0,21889024
2024-11-27 19:41:31.363,run_5_repetition_12,,,cpp,180,3,0.0,21889024
2024-11-27 19:41:31.594,run_5_repetition_12,,,cpp,180,3,0.0,21889024
2024-11-27 19:41:31.826,run_5_repetition_12,,,cpp,180,3,0.0,21889024
2024-11-27 19:41:32.059,run_5_repetition_12,,,cpp,180,3,0.0,21889024
2024-11-27 19:41:32.284,run_5_repetition_12,,,cpp,180,3,0.0,21889024
2024-11-27 19:41:32.506,run_5_repetition_12,,,cpp,180,3,0.0,21889024
2024-11-27 19:41:32.729,run_5_repetition_12,,,cpp,180,3,10.0,21889024
2024-11-27 19:41:32.950,run_5_repetition_12,,,cpp,180,3,0.0,21889024
2024-11-27 19:41:33.173,run_5_repetition_12,,,cpp,180,3,0.0,21889024
2024-11-27 19:41:33.394,run_5_repetition_12,,,cpp,180,3,0.0,21889024
2024-11-27 19:41:33.617,run_5_repetition_12,,,cpp,180,3,0.0,21889024
2024-11-27 19:41:33.839,run_5_repetition_12,,,cpp,180,3,0.0,21889024
2024-11-27 19:41:34.070,run_5_repetition_12,,,cpp,180,3,0.0,21889024
2024-11-27 19:41:34.292,run_5_repetition_12,,,cpp,180,3,0.0,21889024
2024-11-27 19:41:34.515,run_5_repetition_12,,,cpp,180,3,0.0,21889024
2024-11-27 19:41:34.737,run_5_repetition_12,,,cpp,180,3,0.0,21889024
2024-11-27 19:41:34.960,run_5_repetition_12,,,cpp,180,3,0.0,21889024
2024-11-27 19:41:35.182,run_5_repetition_12,,,cpp,180,3,0.0,21889024
2024-11-27 19:41:35.405,run_5_repetition_12,,,cpp,180,3,0.0,21889024
2024-11-27 19:41:35.627,run_5_repetition_12,,,cpp,180,3,0.0,21889024
2024-11-27 19:41:35.859,run_5_repetition_12,,,cpp,180,3,0.0,21889024
2024-11-27 19:41:36.090,run_5_repetition_12,,,cpp,180,3,0.0,21889024
2024-11-27 19:41:36.320,run_5_repetition_12,,,cpp,180,3,0.0,21889024
2024-11-27 19:41:36.544,run_5_repetition_12,,,cpp,180,3,0.0,21889024
2024-11-27 19:41:36.768,run_5_repetition_12,,,cpp,180,3,0.0,21889024
2024-11-27 19:41:36.990,run_5_repetition_12,,,cpp,180,3,0.0,21889024
2024-11-27 19:41:37.214,run_5_repetition_12,,,cpp,180,3,0.0,21889024
2024-11-27 19:41:37.436,run_5_repetition_12,,,cpp,180,3,0.0,21889024
2024-11-27 19:41:37.659,run_5_repetition_12,,,cpp,180,3,0.0,21889024
2024-11-27 19:41:37.881,run_5_repetition_12,,,cpp,180,3,0.0,21889024
2024-11-27 19:41:38.103,run_5_repetition_12,,,cpp,180,3,10.0,21889024
2024-11-27 19:41:38.332,run_5_repetition_12,,,cpp,180,3,0.0,21889024
2024-11-27 19:41:38.554,run_5_repetition_12,,,cpp,180,3,0.0,21889024
2024-11-27 19:41:38.777,run_5_repetition_12,,,cpp,180,3,0.0,21889024
2024-11-27 19:41:38.998,run_5_repetition_12,,,cpp,180,3,0.0,21889024
2024-11-27 19:41:39.221,run_5_repetition_12,,,cpp,180,3,0.0,21889024
2024-11-27 19:41:39.442,run_5_repetition_12,,,cpp,180,3,0.0,21889024
2024-11-27 19:41:39.664,run_5_repetition_12,,,cpp,180,3,0.0,21889024
2024-11-27 19:41:39.887,run_5_repetition_12,,,cpp,180,3,0.0,21889024
2024-11-27 19:41:40.108,run_5_repetition_12,,,cpp,180,3,0.0,21889024
2024-11-27 19:41:40.330,run_5_repetition_12,,,cpp,180,3,10.0,21889024
2024-11-27 19:41:40.552,run_5_repetition_12,,,cpp,180,3,0.0,21889024
2024-11-27 19:41:40.778,run_5_repetition_12,,,cpp,180,3,0.0,21889024
2024-11-27 19:41:40.999,run_5_repetition_12,,,cpp,180,3,0.0,21889024
2024-11-27 19:41:41.220,run_5_repetition_12,,,cpp,180,3,0.0,21889024
2024-11-27 19:41:41.442,run_5_repetition_12,,,cpp,180,3,0.0,21889024
2024-11-27 19:41:41.663,run_5_repetition_12,,,cpp,180,3,0.0,21889024
2024-11-27 19:41:41.887,run_5_repetition_12,,,cpp,180,3,0.0,21889024
2024-11-27 19:41:42.109,run_5_repetition_12,,,cpp,180,3,0.0,21889024
2024-11-27 19:41:42.330,run_5_repetition_12,,,cpp,180,3,0.0,21889024
2024-11-27 19:41:42.555,run_5_repetition_12,,,cpp,180,3,0.0,21889024
2024-11-27 19:41:42.779,run_5_repetition_12,,,cpp,180,3,0.0,21889024
2024-11-27 19:41:43.004,run_5_repetition_12,,,cpp,180,3,0.0,21889024
2024-11-27 19:41:43.243,run_5_repetition_12,,,cpp,180,3,0.0,21889024
2024-11-27 19:41:43.474,run_5_repetition_12,,,cpp,180,3,10.0,21889024
2024-11-27 19:41:43.702,run_5_repetition_12,,,cpp,180,3,0.0,21889024
2024-11-27 19:41:43.927,run_5_repetition_12,,,cpp,180,3,0.0,21889024
2024-11-27 19:41:44.166,run_5_repetition_12,,,cpp,180,3,0.0,21889024
2024-11-27 19:41:44.398,run_5_repetition_12,,,cpp,180,3,0.0,21889024
2024-11-27 19:41:44.628,run_5_repetition_12,,,cpp,180,3,0.0,21889024
2024-11-27 19:41:44.853,run_5_repetition_12,,,cpp,180,3,0.0,21889024
2024-11-27 19:41:45.078,run_5_repetition_12,,,cpp,180,3,0.0,21889024
2024-11-27 19:41:45.310,run_5_repetition_12,,,cpp,180,3,0.0,21889024
2024-11-27 19:41:45.540,run_5_repetition_12,,,cpp,180,3,10.0,21889024
2024-11-27 19:41:45.767,run_5_repetition_12,,,cpp,180,3,0.0,21889024
2024-11-27 19:41:45.991,run_5_repetition_12,,,cpp,180,3,0.0,21889024
2024-11-27 19:41:46.213,run_5_repetition_12,,,cpp,180,3,0.0,21889024
2024-11-27 19:41:46.435,run_5_repetition_12,,,cpp,180,3,0.0,21889024
2024-11-27 19:41:46.656,run_5_repetition_12,,,cpp,180,3,0.0,21889024
2024-11-27 19:41:46.880,run_5_repetition_12,,,cpp,180,3,0.0,21889024
2024-11-27 19:41:47.101,run_5_repetition_12,,,cpp,180,3,0.0,21889024
2024-11-27 19:41:47.322,run_5_repetition_12,,,cpp,180,3,0.0,21889024
2024-11-27 19:41:47.545,run_5_repetition_12,,,cpp,180,3,0.0,21889024
2024-11-27 19:41:47.767,run_5_repetition_12,,,cpp,180,3,0.0,21889024
2024-11-27 19:41:47.990,run_5_repetition_12,,,cpp,180,3,0.0,21889024
2024-11-27 19:41:48.213,run_5_repetition_12,,,cpp,180,3,0.0,21889024
2024-11-27 19:41:48.435,run_5_repetition_12,,,cpp,180,3,0.0,21889024
2024-11-27 19:41:48.658,run_5_repetition_12,,,cpp,180,3,0.0,21889024
2024-11-27 19:41:48.889,run_5_repetition_12,,,cpp,180,3,0.0,21889024
2024-11-27 19:41:49.122,run_5_repetition_12,,,cpp,180,3,0.0,21889024
2024-11-27 19:41:49.356,run_5_repetition_12,,,cpp,180,3,0.0,21889024
2024-11-27 19:41:49.587,run_5_repetition_12,,,cpp,180,3,0.0,21889024
2024-11-27 19:41:49.811,run_5_repetition_12,,,cpp,180,3,0.0,21889024
2024-11-27 19:41:50.034,run_5_repetition_12,,,cpp,180,3,0.0,21889024
2024-11-27 19:41:50.256,run_5_repetition_12,,,cpp,180,3,0.0,21889024
2024-11-27 19:41:50.480,run_5_repetition_12,,,cpp,180,3,0.0,21889024
2024-11-27 19:41:50.713,run_5_repetition_12,,,cpp,180,3,0.0,21889024
2024-11-27 19:41:50.941,run_5_repetition_12,,,cpp,180,3,0.0,21889024
2024-11-27 19:41:51.163,run_5_repetition_12,,,cpp,180,3,0.0,21889024
2024-11-27 19:41:51.386,run_5_repetition_12,,,cpp,180,3,0.0,21889024
2024-11-27 19:41:51.609,run_5_repetition_12,,,cpp,180,3,0.0,21889024
2024-11-27 19:41:51.834,run_5_repetition_12,,,cpp,180,3,10.0,21889024
2024-11-27 19:41:52.057,run_5_repetition_12,,,cpp,180,3,0.0,21889024
2024-11-27 19:41:52.281,run_5_repetition_12,,,cpp,180,3,0.0,21889024
2024-11-27 19:41:52.503,run_5_repetition_12,,,cpp,180,3,0.0,21889024
2024-11-27 19:41:52.725,run_5_repetition_12,,,cpp,180,3,0.0,21889024
2024-11-27 19:41:52.947,run_5_repetition_12,,,cpp,180,3,0.0,21889024
2024-11-27 19:41:53.192,run_5_repetition_12,,,cpp,180,3,0.0,21889024
2024-11-27 19:41:53.410,run_5_repetition_12,,,cpp,180,3,0.0,21889024
2024-11-27 19:41:53.625,run_5_repetition_12,,,cpp,180,3,0.0,21889024
2024-11-27 19:41:53.837,run_5_repetition_12,,,cpp,180,3,0.0,21889024
2024-11-27 19:41:54.054,run_5_repetition_12,,,cpp,180,3,0.0,21889024
2024-11-27 19:41:54.269,run_5_repetition_12,,,cpp,180,3,0.0,21889024
2024-11-27 19:41:54.485,run_5_repetition_12,,,cpp,180,3,0.0,21889024
2024-11-27 19:41:54.701,run_5_repetition_12,,,cpp,180,3,0.0,21889024
2024-11-27 19:41:54.916,run_5_repetition_12,,,cpp,180,3,0.0,21889024
2024-11-27 19:41:55.134,run_5_repetition_12,,,cpp,180,3,0.0,21889024
2024-11-27 19:41:55.351,run_5_repetition_12,,,cpp,180,3,0.0,21889024
2024-11-27 19:41:55.566,run_5_repetition_12,,,cpp,180,3,0.0,21889024
2024-11-27 19:41:55.782,run_5_repetition_12,,,cpp,180,3,0.0,21889024
2024-11-27 19:41:55.998,run_5_repetition_12,,,cpp,180,3,0.0,21889024
2024-11-27 19:41:56.216,run_5_repetition_12,,,cpp,180,3,0.0,21889024
2024-11-27 19:41:56.433,run_5_repetition_12,,,cpp,180,3,0.0,21889024
2024-11-27 19:41:56.649,run_5_repetition_12,,,cpp,180,3,0.0,21889024
2024-11-27 19:41:56.866,run_5_repetition_12,,,cpp,180,3,0.0,21889024
2024-11-27 19:41:57.086,run_5_repetition_12,,,cpp,180,3,0.0,21889024
2024-11-27 19:41:57.305,run_5_repetition_12,,,cpp,180,3,0.0,21889024
2024-11-27 19:41:57.525,run_5_repetition_12,,,cpp,180,3,0.0,21889024
2024-11-27 19:41:57.746,run_5_repetition_12,,,cpp,180,3,10.0,21889024
2024-11-27 19:41:57.966,run_5_repetition_12,,,cpp,180,3,0.0,21889024
2024-11-27 19:41:58.187,run_5_repetition_12,,,cpp,180,3,0.0,21889024
2024-11-27 19:41:58.408,run_5_repetition_12,,,cpp,180,3,0.0,21889024
2024-11-27 19:41:58.629,run_5_repetition_12,,,cpp,180,3,0.0,21889024
2024-11-27 19:41:58.851,run_5_repetition_12,,,cpp,180,3,0.0,21889024
2024-11-27 19:41:59.073,run_5_repetition_12,,,cpp,180,3,0.0,21889024
2024-11-27 19:41:59.298,run_5_repetition_12,,,cpp,180,3,0.0,21889024
2024-11-27 19:41:59.522,run_5_repetition_12,,,cpp,180,3,0.0,21889024
2024-11-27 19:41:59.746,run_5_repetition_12,,,cpp,180,3,0.0,21889024
2024-11-27 19:41:59.970,run_5_repetition_12,,,cpp,180,3,0.0,21889024
2024-11-27 19:42:00.193,run_5_repetition_12,,,cpp,180,3,0.0,21889024
2024-11-27 19:42:00.414,run_5_repetition_12,,,cpp,180,3,0.0,21889024
2024-11-27 19:42:00.636,run_5_repetition_12,,,cpp,180,3,0.0,21889024
2024-11-27 19:42:00.857,run_5_repetition_12,,,cpp,180,3,0.0,21889024
2024-11-27 19:42:01.080,run_5_repetition_12,,,cpp,180,3,0.0,21889024
2024-11-27 19:42:01.301,run_5_repetition_12,,,cpp,180,3,0.0,21889024
2024-11-27 19:42:01.523,run_5_repetition_12,,,cpp,180,3,0.0,21889024
2024-11-27 19:42:01.744,run_5_repetition_12,,,cpp,180,3,0.0,21889024
2024-11-27 19:42:01.967,run_5_repetition_12,,,cpp,180,3,0.0,21889024
2024-11-27 19:42:02.190,run_5_repetition_12,,,cpp,180,3,0.0,21889024
2024-11-27 19:42:02.418,run_5_repetition_12,,,cpp,180,3,0.0,21889024
2024-11-27 19:42:02.642,run_5_repetition_12,,,cpp,180,3,0.0,21889024
2024-11-27 19:42:02.863,run_5_repetition_12,,,cpp,180,3,0.0,21889024
2024-11-27 19:42:03.089,run_5_repetition_12,,,cpp,180,3,0.0,21889024
2024-11-27 19:42:03.311,run_5_repetition_12,,,cpp,180,3,0.0,21889024
2024-11-27 19:42:03.536,run_5_repetition_12,,,cpp,180,3,0.0,21889024
2024-11-27 19:42:03.762,run_5_repetition_12,,,cpp,180,3,0.0,21889024
2024-11-27 19:42:03.986,run_5_repetition_12,,,cpp,180,3,0.0,21889024
2024-11-27 19:42:04.209,run_5_repetition_12,,,cpp,180,3,0.0,21889024
2024-11-27 19:42:04.435,run_5_repetition_12,,,cpp,180,3,0.0,21889024
2024-11-27 19:42:04.658,run_5_repetition_12,,,cpp,180,3,0.0,21889024
2024-11-27 19:42:04.893,run_5_repetition_12,,,cpp,180,3,0.0,21889024
2024-11-27 19:42:05.115,run_5_repetition_12,,,cpp,180,3,0.0,21889024
2024-11-27 19:42:05.338,run_5_repetition_12,,,cpp,180,3,0.0,21889024
2024-11-27 19:42:05.561,run_5_repetition_12,,,cpp,180,3,0.0,21889024
2024-11-27 19:42:05.777,run_5_repetition_12,,,cpp,180,3,0.0,21889024
2024-11-27 19:42:05.993,run_5_repetition_12,,,cpp,180,3,0.0,21889024
2024-11-27 19:42:06.221,run_5_repetition_12,,,cpp,180,3,0.0,21889024
2024-11-27 19:42:06.442,run_5_repetition_12,,,cpp,180,3,0.0,21889024
2024-11-27 19:42:06.669,run_5_repetition_12,,,cpp,180,3,0.0,21889024
2024-11-27 19:42:06.891,run_5_repetition_12,,,cpp,180,3,0.0,21889024
2024-11-27 19:42:07.109,run_5_repetition_12,,,cpp,180,3,0.0,21889024
2024-11-27 19:42:07.322,run_5_repetition_12,,,cpp,180,3,0.0,21889024
2024-11-27 19:42:07.535,run_5_repetition_12,,,cpp,180,3,0.0,21889024
2024-11-27 19:42:07.746,run_5_repetition_12,,,cpp,180,3,0.0,21889024
2024-11-27 19:42:07.957,run_5_repetition_12,,,cpp,180,3,0.0,21889024
2024-11-27 19:42:08.171,run_5_repetition_12,,,cpp,180,3,0.0,21889024
2024-11-27 19:42:08.383,run_5_repetition_12,,,cpp,180,3,0.0,21889024
2024-11-27 19:42:08.595,run_5_repetition_12,,,cpp,180,3,0.0,21889024
2024-11-27 19:42:08.807,run_5_repetition_12,,,cpp,180,3,0.0,21889024
2024-11-27 19:42:09.019,run_5_repetition_12,,,cpp,180,3,0.0,21889024
2024-11-27 19:42:09.231,run_5_repetition_12,,,cpp,180,3,0.0,21889024
2024-11-27 19:42:09.442,run_5_repetition_12,,,cpp,180,3,0.0,21889024
2024-11-27 19:42:09.654,run_5_repetition_12,,,cpp,180,3,0.0,21889024
2024-11-27 19:42:09.866,run_5_repetition_12,,,cpp,180,3,0.0,21889024
2024-11-27 19:42:10.078,run_5_repetition_12,,,cpp,180,3,0.0,21889024
2024-11-27 19:42:10.288,run_5_repetition_12,,,cpp,180,3,0.0,21889024
2024-11-27 19:42:10.501,run_5_repetition_12,,,cpp,180,3,0.0,21889024
2024-11-27 19:42:10.733,run_5_repetition_12,,,cpp,180,3,10.0,21889024
2024-11-27 19:42:10.955,run_5_repetition_12,,,cpp,180,3,0.0,21889024
2024-11-27 19:42:11.172,run_5_repetition_12,,,cpp,180,3,0.0,21889024
2024-11-27 19:42:11.391,run_5_repetition_12,,,cpp,180,3,0.0,21889024
2024-11-27 19:42:11.611,run_5_repetition_12,,,cpp,180,3,0.0,21889024
2024-11-27 19:42:11.848,run_5_repetition_12,,,cpp,180,3,0.0,21889024
2024-11-27 19:42:12.072,run_5_repetition_12,,,cpp,180,3,0.0,21889024
2024-11-27 19:42:12.302,run_5_repetition_12,,,cpp,180,3,0.0,21889024
2024-11-27 19:42:12.524,run_5_repetition_12,,,cpp,180,3,0.0,21889024
2024-11-27 19:42:12.754,run_5_repetition_12,,,cpp,180,3,0.0,21889024
2024-11-27 19:42:13.021,run_5_repetition_12,,,cpp,180,3,0.0,21889024
2024-11-27 19:42:13.271,run_5_repetition_12,,,cpp,180,3,0.0,21889024
2024-11-27 19:42:13.539,run_5_repetition_12,,,cpp,180,3,0.0,21889024
2024-11-27 19:42:13.774,run_5_repetition_12,,,cpp,180,3,0.0,21889024
2024-11-27 19:42:14.013,run_5_repetition_12,,,cpp,180,3,0.0,21889024
2024-11-27 19:42:14.247,run_5_repetition_12,,,cpp,180,3,0.0,21889024
2024-11-27 19:42:14.476,run_5_repetition_12,,,cpp,180,3,0.0,21889024
2024-11-27 19:42:14.710,run_5_repetition_12,,,cpp,180,3,0.0,21889024
2024-11-27 19:42:14.943,run_5_repetition_12,,,cpp,180,3,0.0,21889024
2024-11-27 19:42:15.173,run_5_repetition_12,,,cpp,180,3,0.0,21889024
2024-11-27 19:42:15.405,run_5_repetition_12,,,cpp,180,3,0.0,21889024
2024-11-27 19:42:15.634,run_5_repetition_12,,,cpp,180,3,0.0,21889024
2024-11-27 19:42:15.856,run_5_repetition_12,,,cpp,180,3,0.0,21889024
2024-11-27 19:42:16.086,run_5_repetition_12,,,cpp,180,3,0.0,21889024
2024-11-27 19:42:16.322,run_5_repetition_12,,,cpp,180,3,0.0,21889024
2024-11-27 19:42:16.549,run_5_repetition_12,,,cpp,180,3,0.0,21889024
2024-11-27 19:42:16.773,run_5_repetition_12,,,cpp,180,3,0.0,21889024
2024-11-27 19:42:16.997,run_5_repetition_12,,,cpp,180,3,0.0,21889024
2024-11-27 19:42:17.221,run_5_repetition_12,,,cpp,180,3,0.0,21889024
2024-11-27 19:42:17.447,run_5_repetition_12,,,cpp,180,3,0.0,21889024
2024-11-27 19:42:17.672,run_5_repetition_12,,,cpp,180,3,0.0,21889024
2024-11-27 19:42:17.897,run_5_repetition_12,,,cpp,180,3,0.0,21889024
2024-11-27 19:42:18.122,run_5_repetition_12,,,cpp,180,3,0.0,21889024
2024-11-27 19:42:18.349,run_5_repetition_12,,,cpp,180,3,0.0,21889024
2024-11-27 19:42:18.624,run_5_repetition_12,,,cpp,180,3,0.0,21889024
2024-11-27 19:42:18.872,run_5_repetition_12,,,cpp,180,3,0.0,21889024
2024-11-27 19:42:19.084,run_5_repetition_12,,,cpp,180,3,0.0,21889024
2024-11-27 19:42:19.296,run_5_repetition_12,,,cpp,180,3,0.0,21889024
2024-11-27 19:42:19.507,run_5_repetition_12,,,cpp,180,3,0.0,21889024
2024-11-27 19:42:19.720,run_5_repetition_12,,,cpp,180,3,0.0,21889024
2024-11-27 19:42:19.933,run_5_repetition_12,,,cpp,180,3,0.0,21889024
2024-11-27 19:42:20.144,run_5_repetition_12,,,cpp,180,3,0.0,21889024
2024-11-27 19:42:20.361,run_5_repetition_12,,,cpp,180,3,0.0,21889024
2024-11-27 19:42:20.573,run_5_repetition_12,,,cpp,180,3,0.0,21889024
2024-11-27 19:42:20.785,run_5_repetition_12,,,cpp,180,3,0.0,21889024
2024-11-27 19:42:20.996,run_5_repetition_12,,,cpp,180,3,0.0,21889024
2024-11-27 19:42:21.207,run_5_repetition_12,,,cpp,180,3,0.0,21889024
2024-11-27 19:42:21.419,run_5_repetition_12,,,cpp,180,3,0.0,21889024
2024-11-27 19:42:21.630,run_5_repetition_12,,,cpp,180,3,0.0,21889024
2024-11-27 19:42:21.841,run_5_repetition_12,,,cpp,180,3,0.0,21889024
2024-11-27 19:42:22.061,run_5_repetition_12,,,cpp,180,3,0.0,21889024
2024-11-27 19:42:22.273,run_5_repetition_12,,,cpp,180,3,0.0,21889024
2024-11-27 19:42:22.484,run_5_repetition_12,,,cpp,180,3,0.0,21889024
2024-11-27 19:42:22.695,run_5_repetition_12,,,cpp,180,3,0.0,21889024
2024-11-27 19:42:22.905,run_5_repetition_12,,,cpp,180,3,0.0,21889024
2024-11-27 19:42:23.116,run_5_repetition_12,,,cpp,180,3,0.0,21889024
2024-11-27 19:42:23.327,run_5_repetition_12,,,cpp,180,3,0.0,21889024
2024-11-27 19:42:23.538,run_5_repetition_12,,,cpp,180,3,0.0,21889024
2024-11-27 19:42:23.749,run_5_repetition_12,,,cpp,180,3,0.0,21889024
2024-11-27 19:42:23.959,run_5_repetition_12,,,cpp,180,3,0.0,21889024
2024-11-27 19:42:24.170,run_5_repetition_12,,,cpp,180,3,0.0,21889024
2024-11-27 19:42:24.380,run_5_repetition_12,,,cpp,180,3,0.0,21889024
2024-11-27 19:42:24.591,run_5_repetition_12,,,cpp,180,3,0.0,21889024
2024-11-27 19:42:24.802,run_5_repetition_12,,,cpp,180,3,0.0,21889024
2024-11-27 19:42:25.012,run_5_repetition_12,,,cpp,180,3,0.0,21889024
2024-11-27 19:42:25.223,run_5_repetition_12,,,cpp,180,3,0.0,21889024
2024-11-27 19:42:25.434,run_5_repetition_12,,,cpp,180,3,0.0,21889024
2024-11-27 19:42:25.645,run_5_repetition_12,,,cpp,180,3,0.0,21889024
2024-11-27 19:42:25.857,run_5_repetition_12,,,cpp,180,3,0.0,21889024
2024-11-27 19:42:26.068,run_5_repetition_12,,,cpp,180,3,0.0,21889024
2024-11-27 19:42:26.280,run_5_repetition_12,,,cpp,180,3,0.0,21889024
2024-11-27 19:42:26.491,run_5_repetition_12,,,cpp,180,3,0.0,21889024
2024-11-27 19:42:26.702,run_5_repetition_12,,,cpp,180,3,0.0,21889024
2024-11-27 19:42:26.912,run_5_repetition_12,,,cpp,180,3,0.0,21889024
2024-11-27 19:42:27.125,run_5_repetition_12,,,cpp,180,3,0.0,21889024
2024-11-27 19:42:27.338,run_5_repetition_12,,,cpp,180,3,0.0,21889024
2024-11-27 19:42:27.549,run_5_repetition_12,,,cpp,180,3,0.0,21889024
2024-11-27 19:42:27.760,run_5_repetition_12,,,cpp,180,3,0.0,21889024
2024-11-27 19:42:27.976,run_5_repetition_12,,,cpp,180,3,0.0,21889024
2024-11-27 19:42:28.188,run_5_repetition_12,,,cpp,180,3,0.0,21889024
2024-11-27 19:42:28.402,run_5_repetition_12,,,cpp,180,3,0.0,21889024
2024-11-27 19:42:28.614,run_5_repetition_12,,,cpp,180,3,0.0,21889024
2024-11-27 19:42:28.826,run_5_repetition_12,,,cpp,180,3,0.0,21889024
2024-11-27 19:42:29.039,run_5_repetition_12,,,cpp,180,3,0.0,21889024
2024-11-27 19:42:29.253,run_5_repetition_12,,,cpp,180,3,0.0,21889024
2024-11-27 19:42:29.466,run_5_repetition_12,,,cpp,180,3,10.0,21889024
2024-11-27 19:42:29.677,run_5_repetition_12,,,cpp,180,3,0.0,21889024
2024-11-27 19:42:29.890,run_5_repetition_12,,,cpp,180,3,0.0,21889024
2024-11-27 19:42:30.102,run_5_repetition_12,,,cpp,180,3,0.0,21889024
2024-11-27 19:42:30.312,run_5_repetition_12,,,cpp,180,3,0.0,21889024
2024-11-27 19:42:30.523,run_5_repetition_12,,,cpp,180,3,0.0,21889024
2024-11-27 19:42:30.739,run_5_repetition_12,,,cpp,180,3,0.0,21889024
2024-11-27 19:42:30.952,run_5_repetition_12,,,cpp,180,3,0.0,21889024
2024-11-27 19:42:31.165,run_5_repetition_12,,,cpp,180,3,0.0,21889024
2024-11-27 19:42:31.376,run_5_repetition_12,,,cpp,180,3,0.0,21889024
2024-11-27 19:42:31.588,run_5_repetition_12,,,cpp,180,3,0.0,21889024
2024-11-27 19:42:31.799,run_5_repetition_12,,,cpp,180,3,0.0,21889024
2024-11-27 19:42:32.011,run_5_repetition_12,,,cpp,180,3,10.0,21889024
2024-11-27 19:42:32.223,run_5_repetition_12,,,cpp,180,3,0.0,21889024
2024-11-27 19:42:32.436,run_5_repetition_12,,,cpp,180,3,0.0,21889024
2024-11-27 19:42:32.649,run_5_repetition_12,,,cpp,180,3,0.0,21889024
2024-11-27 19:42:32.859,run_5_repetition_12,,,cpp,180,3,0.0,21889024
2024-11-27 19:42:33.074,run_5_repetition_12,,,cpp,180,3,0.0,21889024
2024-11-27 19:42:33.284,run_5_repetition_12,,,cpp,180,3,0.0,21889024
2024-11-27 19:42:33.495,run_5_repetition_12,,,cpp,180,3,0.0,21889024
2024-11-27 19:42:33.707,run_5_repetition_12,,,cpp,180,3,0.0,21889024
2024-11-27 19:42:33.917,run_5_repetition_12,,,cpp,180,3,0.0,21889024
2024-11-27 19:42:34.128,run_5_repetition_12,,,cpp,180,3,0.0,21889024
2024-11-27 19:42:34.339,run_5_repetition_12,,,cpp,180,3,0.0,21889024
2024-11-27 19:42:34.550,run_5_repetition_12,,,cpp,180,3,0.0,21889024
2024-11-27 19:42:34.761,run_5_repetition_12,,,cpp,180,3,0.0,21889024
2024-11-27 19:42:34.973,run_5_repetition_12,,,cpp,180,3,0.0,21889024
2024-11-27 19:42:35.183,run_5_repetition_12,,,cpp,180,3,0.0,21889024
2024-11-27 19:42:35.394,run_5_repetition_12,,,cpp,180,3,0.0,21889024
2024-11-27 19:42:35.604,run_5_repetition_12,,,cpp,180,3,0.0,21889024
2024-11-27 19:42:35.817,run_5_repetition_12,,,cpp,180,3,0.0,21889024
2024-11-27 19:42:36.028,run_5_repetition_12,,,cpp,180,3,0.0,21889024
2024-11-27 19:42:36.238,run_5_repetition_12,,,cpp,180,3,0.0,21889024
2024-11-27 19:42:36.457,run_5_repetition_12,,,cpp,180,3,0.0,21889024
2024-11-27 19:42:36.670,run_5_repetition_12,,,cpp,180,3,0.0,21889024
2024-11-27 19:42:36.880,run_5_repetition_12,,,cpp,180,3,0.0,21889024
2024-11-27 19:42:37.092,run_5_repetition_12,,,cpp,180,3,0.0,21889024
2024-11-27 19:42:37.304,run_5_repetition_12,,,cpp,180,3,0.0,21889024
2024-11-27 19:42:37.514,run_5_repetition_12,,,cpp,180,3,0.0,21889024
2024-11-27 19:42:37.725,run_5_repetition_12,,,cpp,180,3,10.0,21889024
2024-11-27 19:42:37.936,run_5_repetition_12,,,cpp,180,3,0.0,21889024
2024-11-27 19:42:38.157,run_5_repetition_12,,,cpp,180,3,0.0,21889024
2024-11-27 19:42:38.370,run_5_repetition_12,,,cpp,180,3,0.0,21889024
2024-11-27 19:42:38.595,run_5_repetition_12,,,cpp,180,3,0.0,21889024
2024-11-27 19:42:38.808,run_5_repetition_12,,,cpp,180,3,0.0,21889024
2024-11-27 19:42:39.026,run_5_repetition_12,,,cpp,180,3,0.0,21889024
2024-11-27 19:42:39.240,run_5_repetition_12,,,cpp,180,3,0.0,21889024
2024-11-27 19:42:39.453,run_5_repetition_12,,,cpp,180,3,0.0,21889024
2024-11-27 19:42:39.667,run_5_repetition_12,,,cpp,180,3,0.0,21889024
2024-11-27 19:42:39.881,run_5_repetition_12,,,cpp,180,3,0.0,21889024
2024-11-27 19:42:40.092,run_5_repetition_12,,,cpp,180,3,0.0,21889024
2024-11-27 19:42:40.305,run_5_repetition_12,,,cpp,180,3,0.0,21889024
2024-11-27 19:42:40.522,run_5_repetition_12,,,cpp,180,3,0.0,21889024
2024-11-27 19:42:40.734,run_5_repetition_12,,,cpp,180,3,0.0,21889024
2024-11-27 19:42:40.946,run_5_repetition_12,,,cpp,180,3,0.0,21889024
2024-11-27 19:42:41.157,run_5_repetition_12,,,cpp,180,3,0.0,21889024
2024-11-27 19:42:41.368,run_5_repetition_12,,,cpp,180,3,0.0,21889024
2024-11-27 19:42:41.580,run_5_repetition_12,,,cpp,180,3,0.0,21889024
2024-11-27 19:42:41.791,run_5_repetition_12,,,cpp,180,3,0.0,21889024
2024-11-27 19:42:42.003,run_5_repetition_12,,,cpp,180,3,0.0,21889024
2024-11-27 19:42:42.215,run_5_repetition_12,,,cpp,180,3,0.0,21889024
2024-11-27 19:42:42.427,run_5_repetition_12,,,cpp,180,3,0.0,21889024
2024-11-27 19:42:42.639,run_5_repetition_12,,,cpp,180,3,0.0,21889024
2024-11-27 19:42:42.852,run_5_repetition_12,,,cpp,180,3,0.0,21889024
2024-11-27 19:42:43.064,run_5_repetition_12,,,cpp,180,3,0.0,21889024
2024-11-27 19:42:43.275,run_5_repetition_12,,,cpp,180,3,0.0,21889024
2024-11-27 19:42:43.486,run_5_repetition_12,,,cpp,180,3,0.0,21889024
2024-11-27 19:42:43.697,run_5_repetition_12,,,cpp,180,3,0.0,21889024
2024-11-27 19:42:43.908,run_5_repetition_12,,,cpp,180,3,0.0,21889024
2024-11-27 19:42:44.120,run_5_repetition_12,,,cpp,180,3,0.0,21889024
2024-11-27 19:42:44.331,run_5_repetition_12,,,cpp,180,3,0.0,21889024
2024-11-27 19:42:44.542,run_5_repetition_12,,,cpp,180,3,0.0,21889024
2024-11-27 19:42:44.753,run_5_repetition_12,,,cpp,180,3,0.0,21889024
2024-11-27 19:42:44.964,run_5_repetition_12,,,cpp,180,3,0.0,21889024
2024-11-27 19:42:45.175,run_5_repetition_12,,,cpp,180,3,0.0,21889024
2024-11-27 19:42:45.386,run_5_repetition_12,,,cpp,180,3,10.0,21889024
2024-11-27 19:42:45.596,run_5_repetition_12,,,cpp,180,3,0.0,21889024
2024-11-27 19:42:45.807,run_5_repetition_12,,,cpp,180,3,0.0,21889024
2024-11-27 19:42:46.017,run_5_repetition_12,,,cpp,180,3,0.0,21889024
2024-11-27 19:42:46.229,run_5_repetition_12,,,cpp,180,3,0.0,21889024
2024-11-27 19:42:46.440,run_5_repetition_12,,,cpp,180,3,0.0,21889024
2024-11-27 19:42:46.650,run_5_repetition_12,,,cpp,180,3,0.0,21889024
2024-11-27 19:42:46.861,run_5_repetition_12,,,cpp,180,3,0.0,21889024
2024-11-27 19:42:47.072,run_5_repetition_12,,,cpp,180,3,0.0,21889024
2024-11-27 19:42:47.284,run_5_repetition_12,,,cpp,180,3,10.0,20512768
